시설 이름,X,Y
중앙정보처리학원,126.9452032,37.556446
다윈브이스토리미술학원,126.9247241,37.5528464
엠앤엠이화음악학원,126.9023838,37.5574613
희문음악학원,126.9172668,37.5574816
웅지독서실,126.9461846,37.5550672
예스탑학원,126.9030384,37.5568187
벨라뮤직아카데미음악학원,126.9031923,37.5571265
신예일음악학원,126.9290846,37.5470833
뉴마포전산세무회계학원,126.94616,37.5560131
영찬보습학원,126.9123999,37.5590497
디자인피노미술학원,126.9272203,37.5531935
중앙독서실,126.9057995,37.5692335
가나다한국어학원,126.9215303,37.5577189
진진미술학원,126.9387364,37.5439718
고려간호조무사학원,126.9352723,37.5544107
선진에스컴학원,126.9353156,37.5450042
새우리피아노학원,126.9001884,37.5589817
나선영발레스튜디오학원,126.9251655,37.5583647
가나안음악학원,126.9446221,37.5422766
한맥보습학원,126.9621448,37.5516495
정구원학원,126.9085072,37.5675286
디자인창조의아침미술학원,126.9287434,37.5582711
예을음악학원,126.9045008,37.5697981
마포뮤즈음악학원,126.9579044,37.5489541
리치몬드제과기술학원,126.9156139,37.561422
제1예일보습학원,126.9567269,37.5514305
씨앤씨미술학원,126.9263385,37.5594386
지상가치미술학원,126.9300355,37.554976
유엔간호학원,126.937183,37.554554
재현학원,126.9013794,37.5572628
삼성영피아노음악학원,126.9548671,37.5435931
힐링뮤직에듀학원,126.942888,37.545676
양떼구름미술학원,126.9535698,37.5441132
네오캣미술학원,126.927017,37.5531646
계원음악학원,126.9357459,37.545783
클래스미술학원,126.9224012,37.556979
유엠학원,126.9555411,37.5569254
신현대음악학원,126.906871,37.5710455
경희음악학원,126.9038503,37.5701525
시사이포학원,126.9534637,37.539562
나교수어학학원,126.9399615,37.5557504
쿠나미술학원,126.9259082,37.5531455
대치수학교습소,126.9510212,37.5410631
최강인재수학교습소,126.9111137,37.5673184
주니퍼홍대실용음악학원,126.9225679,37.5524753
미성미술교습소,126.9630219,37.5504228
서현수학학원,126.9017985,37.5610961
이정민피아노교습소,126.9019683,37.571892
토킹클럽영어어학원,126.9319186,37.5451538
상암수학마루학원,126.8931659,37.5761618
대명학원,126.903938,37.5579894
이제이음악학원,126.9023412,37.5572807
앤트스터디명품대입관학원,126.9095074,37.5672495
시사이포보습학원,126.9534637,37.539562
대한논리속독학회마포학원,126.9511596,37.5408751
시매쓰대흥센터학원,126.9425679,37.5459074
수도음악교습소,126.9104009,37.5533098
이화삼성음악교습소,126.9557362,37.5461868
참음악학원,126.9117138,37.5680898
아이엠실용음악학원,126.9299692,37.5548673
삼성영어공덕학원,126.955471,37.5457339
월스트리트잉글리쉬신촌어학원,126.9359997,37.5549939
서정은피아노교습소,126.9508481,37.5388811
마포서정학원,126.9103701,37.5554269
에스에스잉글리쉬학원,126.9108441,37.5679556
성산더함미술교습소,126.9038503,37.5701525
미대편입창조학원,126.9243422,37.5534376
더프리미엄신촌독서실,126.9323763,37.5519427
비엠에스음악학원,126.8829615,37.5802374
입시전문영어와수학학원,126.9328325,37.5524875
세이브학원,126.9517192,37.5493949
글나래국어교습소,126.9443416,37.5421029
에스(S)논술학원,126.9395568,37.5491692
발자국소리가큰아이들학원,126.9315727,37.5448082
백전백승MS학원,126.8829615,37.5802374
루체테어학원마포상암캠퍼스학원,126.9056587,37.5687997
수학의달인수학교습소,126.9306058,37.5483316
엠디파인학원,126.9397414,37.5457198
하우게임학원,126.9204806,37.5567362
더조은컴퓨터아카데미학원,126.9359997,37.5549939
끌디자인학원,126.9256028,37.5531337
폴리어학원,126.9478827,37.5429634
서정학원,126.9291691,37.5538329
심화학원,126.9050031,37.5695054
클라비스음악학원,126.9548782,37.5452331
성산베스트플러스학원,126.9096704,37.5537355
홍대유니온미술학원,126.926108,37.5534176
꿈쟁이음악교습소,126.9109867,37.5682723
페르마보습학원,126.9458387,37.5458826
꾼실용음악학원,126.9226636,37.550539
모아미술학원,126.9174894,37.5553933
리베뮤직음악학원,126.9075037,37.5680329
잼실용음악학원,126.9228821,37.5573798
눈사진학원,126.9299692,37.5548673
그린미술교습소,126.9104009,37.5533098
은진피아노음악교습소,126.9504325,37.5386611
마포공덕민들레영어스쿨영어교습소,126.9517913,37.5490982
라임뮤직피아노교습소,126.8807537,37.5802435
대한논리속독학원,126.9057995,37.5692335
씨엠에이실용음악학원,126.9403044,37.5419225
경성수학교습소,126.8949788,37.5791161
슬기로운미술교습소,126.9288594,37.5470002
창조의아침미술학원,126.926512,37.558386
지케이고승욱영어학원,126.9061868,37.5690659
디와이비최선어학원,126.9397958,37.5490722
미래탐구학원,126.9449201,37.5468204
로씨니음악학원,126.9313459,37.5488068
마포서강해법영어교습소,126.9293943,37.5483746
쌍용연피아노교습소,126.9293943,37.5483746
차일드유국어의모든것학원,126.9047764,37.5695303
프레미어영어교습소,126.9313872,37.5482936
연세도이치음악학원,126.9126481,37.5591061
한빛음악교습소,126.9079497,37.5684965
하바소아트미술교습소,126.9038503,37.5701525
와이비엠잉글루초중등영어학원,126.903938,37.5579894
티앤티키즈파크어학원,126.9444217,37.5436443
서강에스엘피다운진어학원,126.9440429,37.5456322
염리해법수학교습소,126.9438718,37.5473337
탑영어교습소,126.9087859,37.5585118
중동해법영재학원,126.9123879,37.5684384
바른번역학원,126.9199347,37.5475046
아랑피아노교습소,126.9019683,37.571892
비엔나숲음악교습소,126.9323763,37.5519427
중앙서예교습소,126.9329312,37.5471542
명음피아노교습소,126.9502917,37.5382093
다솔피아노교습소,126.9487353,37.539457
마포주산교습소,126.9503675,37.5384533
미술나라창조세상미술교습소,126.9032954,37.559362
성산유진음악교습소,126.9105778,37.5528158
서교피아노교습소,126.9244819,37.5539525
관서피아노교습소,126.9555318,37.5527265
가람피아노교습소,126.9455649,37.5476461
합정서예교습소,126.9138759,37.5485933
이레피아노교습소,126.9408552,37.5557764
제이와이음악교습소,126.9518671,37.5493421
라야미술교습소,126.915728,37.5652614
여산서예교습소,126.9038503,37.5701525
윤경미술교습소,126.951016,37.5390087
이화윤피아노교습소,126.9484842,37.5516998
아나레슨학원,126.9358096,37.5540371
홍대입구역민병철어학원,126.923456,37.5560335
투스독서실,126.9096252,37.5677101
센텀초등전문2관학원,126.9126481,37.5591061
이화리체음악교습소,126.9534637,37.539562
창의와논리영어교습소,126.9013079,37.5567395
우리아이피아노교습소,126.9523951,37.5471934
청담클루빌영수전문학원,126.9558391,37.5550359
원리탐구학원,126.9056549,37.5682861
케이엠씨홍대실용음악학원,126.9215549,37.5568001
신촌독서실,126.9342255,37.5555996
엠엘피학원,126.8954806,37.5750391
한우리독서토론논술국어교습소,126.9529156,37.5488198
하은음악교습소,126.8932477,37.5752255
홍잼실용음악학원,126.9235378,37.5511326
청담에이프릴어학원,126.9142106,37.562184
미대편입이드학원,126.9254396,37.5534656
슈만과피아노여행음악교습소,126.9004018,37.5598667
상암통문장영어교습소,126.8807537,37.5802435
아이디어하우스학원,126.9204412,37.5594659
파토스학원,126.9028489,37.5573936
리딩잇츠어학원,126.8832229,37.5801678
말글의힘신경주국어논술전문학원,126.9454556,37.5465639
정준수학학원,126.8906883,37.5775711
에스비에스(SBS)아카데미컴퓨터아트학원,126.9250119,37.557237
삼성영어미래엔수학학원,126.9258703,37.5542084
엠피아수학학원,126.8834837,37.5801432
박선생수학교습소,126.8807537,37.5802435
파워수학교습소,126.9045008,37.5697981
공감차수학교습소,126.9038503,37.5701525
이룸미술학원,126.9266221,37.5530799
에프티케이잉글리쉬어학원,126.9577599,37.5487636
삼성영어셀레나최고염리학원,126.9432595,37.5434087
아이숲어학원,126.9397857,37.5449904
패스원미술학원,126.927818,37.5533431
잉글리시아이성산학원,126.9045008,37.5697981
정아수학교습소,126.9502608,37.5379928
비트윈마포영어교습소,126.9548671,37.5435931
뮤직아트음악교습소,126.9051845,37.5718047
합정한우리독서토론논술국어교습소,126.9101701,37.553614
베스트학원,126.9436982,37.5451967
아트숲미술교습소,126.9412784,37.543463
푸른나무영어학원,126.9045104,37.5575442
피아노제이음악교습소,126.9471235,37.5365953
수학마루수학교습소,126.900503,37.5606785
임마누엘음악교습소,126.9005437,37.5609943
공쌤수학교습소,126.9032954,37.559362
업미술학원,126.9456666,37.5540805
라이크영어교습소,126.904174,37.5573338
윤선생IGSE마포서교학원,126.9256787,37.5541526
아이네모미술학원,126.9129441,37.563659
대치영재수학학원,126.942888,37.545676
한국커리어개발원학원,126.9227941,37.5485489
눈높이러닝센터망원스카이학원,126.903938,37.5579894
신윤숙수학교습소,126.9019683,37.571892
지니발레아카데미학원,126.9233671,37.5574924
아름소리음악학원,126.9515116,37.5375534
공간사진학원,126.9146511,37.5521055
도담수학교습소,126.9502366,37.5381097
21세기이화피아노교습소,126.8910733,37.5745113
지원(G1)미술학원,126.929219,37.5543019
지혜의샘수학교습소,126.9063865,37.5538583
위즈음악학원,126.9060349,37.568614
찬스잉글리쉬클럽학원,126.9502917,37.5382093
뮤엠영어망원영어교습소,126.9014969,37.5592822
아율뮤직음악교습소,126.9203992,37.5608081
에스아이그림책학원,126.9241677,37.5584908
한솔요리학원,126.9353386,37.5553213
윤선생영어교실IGSE마포상암학원,126.8935425,37.5767239
홍수진미술교습소,126.9471235,37.5365953
디자인나스학원,126.9180917,37.5513081
김명기보컬아카데미학원,126.9212679,37.5492287
스카이이스턴영어교습소,126.9549338,37.5453057
신나는미술행복한아이들미술교습소,126.9555871,37.5455187
상암신나는미술교습소,126.8910733,37.5745113
껌학원,126.9159694,37.560317
발레조아무용학원,126.9343865,37.5546279
신바하음악교습소,126.9173465,37.5629246
눈높이러닝센터공덕학원,126.9521557,37.5489392
문고리미술교육학원,126.9184463,37.5549695
제이음악교습소,126.9023412,37.5572807
아트플러스미술교습소,126.9502917,37.5382093
서연수학교습소,126.9556094,37.5552771
공덕에듀플렉스학원,126.9564958,37.55096
안단테음악교습소,126.9038394,37.5577632
캘리애영어교습소,126.9523951,37.5471934
대성뫼비우스수학교습소,126.9023412,37.5572807
전원주니어미술학원,126.9199347,37.5475046
스카이보다미술학원,126.9279758,37.5533895
아뜰리에뷰학원,126.9296401,37.5541345
두드림실용음악학원,126.9183246,37.5555541
으뜸바둑교습소,126.9424891,37.5450777
장수영바둑연구학원,126.9062179,37.5599748
에스엠에스서울실용음악학원,126.9359778,37.5541467
마포1관정상어학원,126.9326932,37.5503507
모두다른고양이미술학원,126.9243422,37.5534376
네모미술교습소,126.9029441,37.5570701
늘채움수학교습소,126.9020147,37.5571606
이화뮤직음악학원,126.9615823,37.5514103
윌수학학원,126.9094071,37.5671404
이플러스학원,126.9038503,37.5701525
아이엠어바텐더학원,126.9248202,37.5587671
원뮤직아카데미학원,126.905454,37.5603551
아이엠아트실용취미미술학원,126.9226551,37.5511336
사다리아트미술교습소,126.9104477,37.5532021
에스아이플러스학원,126.9104477,37.5532021
마중물학원,126.9408905,37.5444867
성산영어교습소,126.9104665,37.5526886
조이음악학원,126.9104477,37.5532021
디자인쏘울미술학원,126.9251803,37.5533912
도미넌트음악교습소,126.9109306,37.5674608
큐브미술학원,126.9227215,37.5583154
앤트스터디명품관학원,126.9045822,37.5696457
아트인미술교습소,126.8832229,37.5801678
뮤엠영어성산캠퍼스영어교습소,126.9038503,37.5701525
윙스카이승무원학원,126.9280578,37.5555618
동강서예교습소,126.9033762,37.5592546
퍼밀교육입시전문학원,126.9473584,37.5424271
행복한수학전문학원,126.9446428,37.5448177
제이케이영어국어학원,126.9449201,37.5468204
마포스즈키음악학원,126.9400237,37.5449655
베스트오렌지수학교습소,126.9606842,37.5549615
대유영어학원,126.9457237,37.5460077
구조분석영어학원,126.908385,37.5673653
퍼니아트미술학원,126.9126481,37.5591061
브람스음악교습소,126.9062858,37.5584256
라온스터디학원,126.9322002,37.5452464
그림아트스튜디오망원미술교습소,126.9062858,37.5584256
제이앤디실용음악학원,126.9330117,37.545479
리얼보이스아카데미학원,126.9170379,37.5529654
티에스엠하이츠수학학원,126.9393491,37.5494466
한국학원,126.963469,37.5500122
망원교실삼성영어교습소,126.9023838,37.5574613
흑과백미술학원,126.9299692,37.5548673
페느아트학원,126.9245004,37.5558178
스케치팩토리미술교습소,126.9261776,37.5548779
연세예쁜소리음악교습소,126.9410318,37.5400999
에스에프아카데미학원,126.9385122,37.5430237
마포피그마리온수학학원,126.9047764,37.5695303
러닝마포어학학원,126.9528473,37.5439897
상상꿈틀미술교습소,126.9483491,37.5508426
창조음악전문학원,126.8832229,37.5801678
디자인고흐미술학원,126.9289803,37.5535789
우리들수채화미술학원,126.9297795,37.5546764
새롬영어교습소,126.8807537,37.5802435
21세기사고력학원,126.9063409,37.5507854
이몬드어학원,126.9056549,37.5682861
잉글리시클리닉영어교습소,126.9031094,37.5697311
플랜A학원,126.9128401,37.5591349
비트메이커실용음악학원,126.9224012,37.556979
정수학교습소,126.9515137,37.5390221
다다디자인랩학원,126.9161073,37.5500194
좋은자리취미미술학원,126.9238917,37.5509196
이화음악학원,126.8798666,37.5850466
씨엠에스학원,126.9423637,37.5459416
파슨스어학원,126.8798666,37.5850466
스팟칼라미술학원,126.9257758,37.5536939
뮤엠영어마포영어교습소,126.9503547,37.5385613
엠스팟학원,126.9238544,37.5527303
퍼플미디어아카데미학원,126.9146061,37.5544297
지우논술교습소,126.9436689,37.5472778
에녹실용음악학원,126.8954806,37.5750391
마포상암유투엠학원,126.9067602,37.559268
상암해법영수학원,126.8795133,37.5844395
매쓰몽마포학원,126.9375353,37.5528542
힐링음악학원,126.9317727,37.5450714
리틀윙기타음악교습소,126.9130643,37.5475947
이루리수학교습소,126.9038503,37.5701525
이종호영어포럼영어교습소,126.8787315,37.5829724
아르테미스학원,126.9264866,37.5530607
에드나인음악교습소,126.9087836,37.5578901
에스오에스학원,126.947276,37.5378221
톰슨에듀학원,126.937935,37.5533985
에센티아영어학원,126.9067602,37.559268
김찬희영어학원,126.9088007,37.5567189
뮤엠염리영어교습소,126.9458047,37.549099
원앤온리구조분석영어학원,126.9085072,37.5675286
서교해법수학교습소,126.9101051,37.5565237
디자인그린섬학원,126.9291691,37.5538329
가온길학원,126.9555411,37.5569254
그린섬미술학원,126.9278245,37.5536765
보이스튜닝실용음악학원,126.9262837,37.5545816
세계최강중국어통역학원,126.9399615,37.5557504
위드피아노학원,126.9197799,37.5550989
영풀클래스원격학원,126.9536319,37.5510067
아트피쉬창의미술교습소,126.9023838,37.5574613
지성영어전문학원,126.9441537,37.5425877
루미창의미술교습소,126.9615823,37.5514103
윤선생우리집앞영어교실마포1호신수영어교습소,126.9368115,37.5440536
롤링어학원,126.9197047,37.5563867
빈코에듀화상교육원격학원,126.9342652,37.5544016
수경화실취미미술학원,126.947532,37.556638
쎈수학러닝센터성산수학교습소,126.9045008,37.5697981
김영편입신촌단과캠퍼스학원,126.9369808,37.5520563
성희미술교습소,126.9179727,37.5611103
씨엔학원,126.9138596,37.5590722
국어의힘학원,126.9060349,37.568614
벼랑영어학원,126.9215419,37.5561332
하이퍼에듀영어교습소,126.9110331,37.5541986
엔이능률엔이클래스원격학원,126.8898561,37.5794825
하얀돌미술학원,126.9240498,37.5533088
톡톡학원,126.9175208,37.5516633
와이즈만영재교육학원,126.9489884,37.5423876
영어전문학원,126.9462015,37.5458317
올인수학교습소,126.9061725,37.5700479
유니센스일대일영어학원,126.9224012,37.556979
아이두영수전문학원,126.8946843,37.5760679
애니톡만화애니전문학원,126.9204959,37.5548892
메가로이어스이대학습관학원,126.9443445,37.5563393
아람뮤직피아노교습소,126.951149,37.5456686
영어숲상암학원,126.9027158,37.5602937
오면꽃예술학원,126.9378861,37.5544522
지선수학교습소,126.9053882,37.5578857
라온제나스피치신촌점학원,126.9375353,37.5528542
랄라음악교습소,126.9256787,37.5541526
일공일미술학원,126.9296401,37.5541345
상상팩토리미술교습소,126.9006875,37.560446
이화아트스테이션발레학원,126.9553211,37.5564729
조쌤늘영어교습소,126.9476147,37.5370682
더베스트아현영어교습소,126.953931,37.5563255
디토바이올린음악교습소,126.954078,37.5433789
우성이엠해법수학교습소,126.9471235,37.5365953
윤선생우리집앞영어교실마포우성영어교습소,126.9476147,37.5370682
디엠학원,126.9079409,37.5675504
한일영어훈련소학원,126.9483591,37.5453013
씨네학당영화영상학원,126.9254396,37.5534656
써니미술학원,126.9246026,37.5581524
듀크보습학원,126.9108649,37.5548638
삼성영어셀레나성산초학원,126.9104588,37.5539951
그리다가미술교습소,126.9054816,37.5708434
제이발레학원,126.9180372,37.5488207
팩토엠수학영어학원,126.943735,37.5433949
링크탑영어학원,126.9507478,37.538772
미래탐구2관학원,126.9449201,37.5468204
센텀영수학원,126.9128401,37.5591349
리드101마포염리영어학원,126.9446221,37.5422766
쎈수학러닝센터학원,126.9043349,37.557939
아트가든미술교습소,126.9534637,37.539562
애플잉글리쉬학원,126.9523137,37.5497786
통기타스테이션음악교습소,126.8995995,37.5597781
로씨니음악교습소,126.9557249,37.5551069
파디미술교습소,126.9195827,37.5475915
2단지수학교습소,126.8910733,37.5745113
멘토잉글리시영어교습소,126.9356012,37.5432228
수학전문수매쓰학원,126.9117224,37.5589354
해법영어교실신수레미안영어교습소,126.9343676,37.5440316
로제타스톤영어교실망원캠퍼스영어교습소,126.9035122,37.5569222
애플씨드미술학원,126.9473584,37.5424271
생각의힘수학교습소,126.9411987,37.5443003
이와이영어교습소,126.9495871,37.5408521
해피뮤직스토리음악교습소,126.9087802,37.553466
뮤직트리음악학원,126.9540362,37.5552812
함수학교실수학교습소,126.9602952,37.5503718
엔와이댄스학원,126.9458431,37.5463692
예전연기학원,126.9257451,37.5534684
웅진씽크빅학습센터마포학원,126.9443416,37.5421029
후마니타스아카데미학원,126.9175103,37.5570784
해법중국어교습소,126.8807537,37.5802435
윤소영수학교습소,126.9031102,37.5573239
혜정속기학원,126.955269,37.5488497
디자인메이지미술학원,126.9246153,37.5564856
이지패스전문학원,126.9448413,37.5443869
쓰리에스연기학원,126.9211505,37.5526606
쓰리에스홍대연기학원,126.9211505,37.5526606
대치학원,126.9553211,37.5564729
신샘마포학당국어논술교습소,126.9282769,37.5457966
그리다아트미술교습소,126.9540362,37.5552812
뚝딱뚝딱아동창의미술교습소,126.89386,37.5751591
나우에듀학원,126.9424575,37.5481139
도화선한국화학원,126.9359778,37.5541467
아이엠미술학원,126.9257451,37.5534684
라사라패션디자인학원,126.9289803,37.5535789
튼튼영어마스터클럽마포상암영어교습소,126.882411,37.5852509
브이에프엑스랩학원,126.9154641,37.5616008
펠리스스페인어학원,126.92406,37.5565346
그랑제이발레학원,126.9180372,37.5488207
발레숲무용학원,126.911384,37.5588602
조이아트(JOYSART)미술교습소,126.9495871,37.5408521
흙미술학원,126.929219,37.5543019
시그마식스수학학원,126.9108272,37.5660092
아트앤하트미술교습소,126.951149,37.5456686
빅벤영어교습소,126.9578886,37.5541529
그림포스미술학원,126.9212976,37.5565905
시대교육원격학원,126.9462893,37.5412012
홍대앞사람인미술학원,126.927717,37.5564417
쎈수학러닝센터공덕수학교습소,126.9578886,37.5541529
잼타운실용음악학원,126.9226587,37.5571705
초록국어전문학원,126.8933257,37.576839
라이트수학교습소,126.9051845,37.5718047
그림나무스튜디오학원,126.9313459,37.5488068
SCE공덕점영어학원,126.9592366,37.5540657
플래뮤아트센터마포미술학원,126.9443455,37.5450403
다이브랩학원,126.9224012,37.556979
에듀탑원격보습학원,126.9193099,37.5539413
와이랩만화학원,126.9179048,37.5478014
한양클라라음악교습소,126.9307828,37.5541629
씨에이영어학원,126.9540362,37.5552812
와와학습코칭센터학원,126.8832229,37.5801678
신촌뉴실용음악학원,126.9372956,37.5545911
김샘수학앤더베국어전문학원,126.9457237,37.5460077
수학전문153학원,126.9418622,37.5437926
차수학신수캠퍼스수학교습소,126.9384618,37.5457804
삼성영어하늘영어교습소,126.882411,37.5852509
지식을표현하는영어교습소,126.9495871,37.5408521
과학전문업그레이드학원,126.9460203,37.5458391
심포니발레스튜디오학원,126.9446221,37.5422766
씨앤에이논술보습학원,126.9454814,37.5447351
공감수학교습소,126.8807537,37.5802435
오르빗과학교습소,126.8807537,37.5802435
더플릇음악교습소,126.9033232,37.5559203
새라피아노음악교습소,126.8807537,37.5802435
대진수학교습소,126.9311797,37.5477691
유니팝미술학원,126.9056549,37.5682861
비아트미술교습소,126.9529156,37.5488198
샤갈의그림정원미술학원,126.9558391,37.5550359
한국옥외광고물전문학원,126.912481,37.5526892
달토끼미술교습소,126.9322002,37.5452464
씽크스퀘어미술교습소,126.9322002,37.5452464
더피아니스트피아노교습소,126.882411,37.5852509
틴트미술학원,126.9240498,37.5533088
아름다운미술마을미술교습소,126.9021946,37.5734439
안녕봄미술교습소,126.9062505,37.5716795
케이투학원,126.8798666,37.5850466
미대재수아름다운학원,126.9243422,37.5534376
대치학원광흥창직영관학원,126.9303994,37.547726
린프렙에스에이티(SAT)원격어학원,126.9544395,37.5499056
액티브영어수학학원,126.9015892,37.5591659
비바피아노학원,126.9228108,37.5466028
윤선생영어교실합정영어교습소,126.9101701,37.553614
최고수학교습소,126.9101701,37.553614
한솔플러스수학교실수학교습소,126.8807537,37.5802435
튼튼영어교습소,126.917323,37.5668979
매드매스수학전문학원,126.911384,37.5588602
이음솔원격학원(www.iumsam.com),126.9239562,37.5613902
두드림국어논술교습소,126.8807537,37.5802435
빨간풍선미술창작소미술교습소,126.9323763,37.5519427
목동수학전문학원,126.9131938,37.5589399
보이스투보이스방송연기학원,126.9443445,37.5563393
마스터글로리아트미술학원,126.9286029,37.5538548
엠퍼스트수학교습소,126.9458047,37.549099
삼성영어교습소,126.9038503,37.5701525
이준수학전문학원,126.937094,37.5496606
수학의기적학원,126.9403194,37.5464639
샘토링원격학원(samtoring.com),126.9439007,37.540468
마술피리음악교습소,126.8823452,37.5820787
신촌킹스퀘어독서실,126.9378691,37.5548575
뉴페이스학원,126.9099355,37.5495211
아트폴미술교습소,126.9333483,37.5552042
진일학원,126.8798666,37.5850466
앤트스터디명품대입2관학원,126.9100571,37.5668131
뉴탑영어전문제1관학원,126.9446221,37.5422766
이화더뮤직음악학원,126.9443934,37.5424457
그루미술교습소,126.9356012,37.5432228
뮤엠영어소의캠퍼스영어교습소,126.9615823,37.5514103
수능클리닉수학교습소,126.9045008,37.5697981
이복희수능영어교습소,126.9045008,37.5697981
이엠아이네일학원,126.9131076,37.5477303
아이리포교육센터학원,126.8929386,37.5785113
빨간펜수학의달인초중등상암수학교습소,126.8807537,37.5802435
윤발레아카데미학원,126.9117612,37.5531601
수학다움수학교습소,126.9399711,37.5446857
더시티발레학원,126.9157808,37.552242
삼성영어밤섬스카이교실영어교습소,126.9254588,37.5466089
뮤엠영어신공덕캠퍼스영어교습소,126.9548671,37.5435931
맨투맨영어교습소,126.9045008,37.5697981
이투스수학교습소,126.9459683,37.5463162
상암아르떼음악교습소,126.8787315,37.5829724
이투스수학학원,126.9037534,37.5605466
그린섬프리어학원,126.927818,37.5533431
아e들의작업실미술학원,126.9408905,37.5444867
대치M수학교습소,126.8798666,37.5850466
공덕수학교습소,126.9548659,37.5558382
에스엘이씨학원,126.8798666,37.5850466
제이에스영음악학원,126.9545019,37.5462479
곰곰디자인미술학원,126.9170379,37.5529654
한일잉글리쉬아카데미학원,126.9417997,37.5482162
이엠씨학원,126.9489752,37.537684
서울평생보습학원,126.9339868,37.5556695
플레이팩토마포지사수학교습소,126.9483491,37.5508426
슈만음악교습소,126.9104588,37.5539951
발레힐발레교습소,126.9045008,37.5697981
마포동막리틀팍스어학원,126.942888,37.545676
뮤엠영어아현학원,126.955559,37.5556461
이원규과학교습소,126.8798666,37.5850466
미술이다미술교습소,126.9016391,37.5573102
서강에스엘피공덕어학원,126.9440429,37.5456322
더힐이화발레학원,126.9592366,37.5540657
마포씨엠에스학원,126.9423637,37.5459416
모모피아노음악교습소,126.9133058,37.5691496
칭화중국어교실중국어교습소,126.9109306,37.5674608
유정음악교습소,126.9024969,37.5736719
유니팝도화센타미술교습소,126.9506274,37.5384826
케이아트미술교습소,126.9228212,37.5482428
이투스247마포학원,126.943201,37.5475529
뮤엠영어상암영어교습소,126.8807537,37.5802435
디자인메이지준미술학원,126.9228821,37.5573798
액터스톡연기뮤지컬입시학원,126.9242458,37.5562029
이화아트스테이션미술학원,126.9553211,37.5564729
프리즘댄스학원,126.9212679,37.5492287
더원발레아카데미학원,126.9531497,37.5474523
작은손미술교습소,126.8798666,37.5850466
고흐의꿈미술교습소,126.9517192,37.5493949
굿코딩컴퓨터교습소,126.9037871,37.5706024
리스타트수학교습소,126.9037871,37.5706024
도란도란독서논술교습소,126.9441537,37.5425877
루트수학교습소,126.9356012,37.5432228
윤수학교실수학교습소,126.943603,37.5431234
아티젠미술학원,126.9305382,37.5546472
오르다샘앤클래스마포서강학원,126.933373,37.5455363
연세영어교습소,126.952802,37.5488459
꿈의기타교습소,126.9017172,37.5612395
잉콘영어교습소,126.931874,37.5459012
듀매쓰수학교습소,126.9503547,37.5385613
공덕으뜸영어교습소,126.9634609,37.5497779
아이매쓰유수학교습소,126.942717,37.5481703
홍대앞사회교습소,126.927818,37.5533431
내가찾던영어교습소,126.9109306,37.5674608
제니스학원,126.9397857,37.5449904
매쓰스퀘어학원,126.9025763,37.5566882
예원수학학원,126.943735,37.5433949
폴러스폴댄스학원,126.9208637,37.5568568
프랜시스파커어학원,126.9158967,37.5559643
에듀코치개별지도공덕2학원,126.9458387,37.5458826
신줄리어드음악학원,126.9432595,37.5434087
프로보컬인스티튜트학원,126.9268572,37.5627321
콤마미술교습소,126.9194486,37.5513926
공덕탁클래스학원,126.951939,37.5490545
수미술학원,126.9194486,37.5513926
커스사운드학원,126.9189796,37.5501719
키즈스피치마루지학원,126.9554941,37.5521855
드럼드럼드럼스드럼교습소,126.9322522,37.5535004
메이크존로봇교습소,126.940033,37.5451098
코리아요리아트아카데미학원,126.9236202,37.5572063
코리아아이티(IT)아카데미학원,126.9358096,37.5540371
뮤엠영어신북점영어교습소,126.9054816,37.5708434
이강학원마포캠퍼스학원,126.9430257,37.5471459
스쿨오브컬러학원,126.9160706,37.5611469
아이들이야기어학원,126.9439482,37.543523
아뜰리에그림미술교습소,126.8807537,37.5802435
트리플크라운스윙댄스학원,126.9161501,37.5494071
위더스학원,126.9079468,37.5679198
원픽실용음악학원,126.9382845,37.5542936
이지바이올린교습소,126.9504325,37.5386611
와와댄스학원,126.947752,37.5393761
4에스학원,126.9171871,37.5606435
더드림빌미술교습소,126.9300319,37.5481011
꿈을담는수학교습소,126.8807537,37.5802435
블랙라벨수학전문학원,126.9555368,37.5458786
디쥐스터디보습학원,126.9040896,37.5615498
위준성어학원,126.9342652,37.5544016
세이잉글리쉬영어교습소,126.9508481,37.5388811
참수학교습소,126.9427269,37.5482695
원테이블(1Table)영어교습소,126.9369464,37.5496953
어썸팩토리공덕플레이스독서실,126.9564991,37.5507257
마포점와와학습코칭학원,126.946191,37.5433628
파란꿈미술교습소,126.9440481,37.5476686
선사진학원,126.923147,37.5515525
바퀴달린그림책미술학원,126.943735,37.5433949
디자인다같이미술학원,126.9291691,37.5538329
카이수학전문학원,126.9395568,37.5491692
오에프디댄스학원,126.9224857,37.5503211
매스토크학원,126.9417997,37.5482162
팝콘아틀리에미술교습소,126.9476147,37.5370682
라온아트미술교습소,126.9515137,37.5390221
저스트절크댄스학원,126.9181595,37.5505338
조이피아노교습소,126.9440481,37.5476686
리딩앤영어교습소,126.9003504,37.5587399
에스디아모패션전문학원,126.9271865,37.5555539
지와미미술학원,126.9223982,37.5532577
에이스영어교습소,126.9529156,37.5488198
가디언어학원,126.8859519,37.5816532
디어미술교습소,126.9594419,37.5539504
인싸이트학원,126.939022,37.5469748
더매쓰수학전문수학교습소,126.9446901,37.543872
건택사단연기학원,126.9173634,37.550022
강시내음악학원,126.9621448,37.5516495
하늘나무한자교습소,126.9038503,37.5701525
서강탑학원,126.9313459,37.5488068
미디런아카데미학원,126.9225242,37.5570792
몽당먹미술학원,126.9261275,37.554427
에이비씨(ABC)항공승무원학원,126.9160963,37.5515601
수학의힘마포캠퍼스학원,126.9421767,37.5463634
신고려음악교습소,126.9030745,37.5574407
뮤스토리미술학원,126.9446221,37.5422766
에이블영어학원,126.9322073,37.5471297
제이엠영어교습소,126.9045008,37.5697981
잇올스파르타독학재수관리형독서실,126.920255,37.5629602
입실론델타수학교습소,126.9417997,37.5474142
홍대무브댄스학원,126.9230369,37.5529121
강한수학교습소,126.9045008,37.5697981
대치이강학원신촌캠퍼스학원,126.920255,37.5629602
이강학원입시센터학원,126.920255,37.5629602
음악가의역사음악교습소,126.9479896,37.5385763
김서하영어교습소,126.9045008,37.5697981
심지수학교습소,126.8798666,37.5850466
염리피기뱅크영어학원,126.9433086,37.5431388
오미크론수학전문학원,126.9444195,37.5470142
뉴오미크론학원,126.9444195,37.5470142
공부짱수학교습소,126.9631508,37.5492886
발레스테이션학원,126.9223324,37.5476076
공작새와꽃나무미술교습소,126.9353038,37.5498157
아웃오브스퀘어미술교습소,126.9110446,37.5510721
엠플러스실용음악학원,126.9266375,37.5559543
나눔수학교습소,126.9096241,37.5584655
와이지엑스B댄스학원,126.9092665,37.5488302
와이지엑스A댄스학원,126.9092665,37.5488302
늘픔논술국어교습소,126.9320526,37.5563819
미래인재학원,126.9405313,37.5450782
안녕피아노음악교습소,126.9025104,37.5573183
대치상상학원,126.9504154,37.5568259
유진영어수학학원,126.9040807,37.558288
10000레벨수학스터디수학교습소,126.8832229,37.5801678
이노블스상암영어학원,126.8829615,37.5802374
코치클래스영어교습소,126.9578886,37.5541529
게임코치아카데미학원,126.926512,37.558386
두잉글어학원,126.918619,37.5516283
에일리언댄스스튜디오학원,126.9182009,37.5586345
종로학원,126.9387556,37.5553881
자이라라피아노음악교습소,126.9483491,37.5508426
원스보컬학원,126.9256787,37.5541526
이고아트미술학원,126.9178322,37.5590816
오찬세국어학원,126.9395568,37.5491692
유니팝꼬마아트미술교습소,126.9332537,37.5427871
삐아트미술학원,126.9254396,37.5534656
오하운폴댄스학원,126.94439,37.5378684
뮤엔음악학원,126.9356012,37.5432228
기강수학학원,126.9395568,37.5491692
이앤에스학원,126.9536319,37.5510067
서울재즈실용아카데미학원,126.912818,37.5645499
마포뮤즈미술학원,126.9579044,37.5489541
윤선생우리집앞영어교실상암하늘초센터영어교습소,126.8798666,37.5850466
마포에이닷영어학원,126.9393499,37.545401
지혜나무미술교습소,126.9446581,37.5501519
더윈영어교습소,126.8807537,37.5802435
대치명인스카이수학학원,126.9393491,37.5494466
마포상암소마학원,126.9063582,37.5689593
대치명인학원,126.9393491,37.5494466
작가의책상미술교습소,126.9276196,37.5474395
위드피아노상암DMC학원,126.8957416,37.5757624
제이준영어학원,126.9473584,37.5424271
와이즈잉글리시영어교습소,126.951939,37.5490545
크리스마스미술학원,126.9254396,37.5534656
씨앤엠영어전문학원,126.9342652,37.5544016
레더오브레전드가죽공예학원,126.9160342,37.5542807
봄아카데미학원,126.9199237,37.5553255
제이라곰스피치교습소,126.8807537,37.5802435
림아뜰리에미술교습소,126.9109012,37.5500346
찬스잉글리쉬클럽성서학원,126.9123999,37.5590497
호호랭귀지스쿨영어교습소,126.928138,37.5570762
스타요리학원,126.9180809,37.5551915
아트아뜰리에홍대점성인취미미술학원,126.9256787,37.5541526
모두아트미술교습소,126.9254292,37.5541863
정일품수학전문학원,126.9458387,37.5458826
아띠성인피아노학원,126.9495871,37.5408521
진림해법영수학원,126.9483491,37.5508426
그린스터디독서실,126.9476147,37.5370682
카렌영어교습소,126.9306058,37.5483316
브릴란테피아노(BrillantePiano)음악교습소,126.9441537,37.5425877
인생의보람수학과학전문학원,126.9404458,37.5487266
코기토영어학원,126.8887151,37.5800845
톤연기학원,126.9190416,37.5513619
지엘엠수학전문학원,126.9475798,37.5379419
강북대치영어학원,126.9417997,37.5474142
아트꼼포지트학원,126.9175971,37.5502944
혜윰영어교습소,126.8807537,37.5802435
늘음악교습소,126.9329312,37.5471542
알티스수학학원,126.9399615,37.5557504
미라클체인지연기학원,126.9226551,37.5511336
퍼스트바리스타제과제빵학원,126.9313353,37.5566817
토즈스터디랩망원독서실,126.9089233,37.5568462
엠티처원격학원,126.9387556,37.5553881
종로이클래스원격학원,126.9387556,37.5553881
숭찌미술교습소,126.9361005,37.5463088
박준혜수학교습소,126.8807537,37.5802435
영서당어학원[원격],126.9193099,37.5539413
샤갈의그림정원미술교습소,126.9438515,37.5431527
고고와구름로켓미술교습소,126.9350289,37.545272
더모션아카데미학원,126.9170478,37.5522807
스팀로봇교습소,126.9443445,37.5563393
펀액터스화술홍대점학원,126.9230206,37.5587597
설탭원격학원,126.9263431,37.5599072
발레포러스마포점무용학원,126.9443416,37.5421029
더베스트국어전문학원,126.9096457,37.5562041
대한논리독서논술학원,126.9425679,37.5459074
철학교육논술교습소,126.951939,37.5490545
뮤직스토리피아노음악교습소,126.9578886,37.5541529
카이수학전문2관학원,126.9395568,37.5491692
커넥트(CONNECT)독서논술교습소,126.9578886,37.5541529
마포포스과학전문학원,126.9423361,37.5462927
소리팩토리아카데미화술학원,126.9283662,37.5537895
모리영어전문학원,126.9539778,37.5570287
플래뮤아현미술학원,126.9554941,37.5521855
김경하영어교습소,126.9483491,37.5508426
에픽클래스영어교습소,126.9031873,37.5574688
에듀윌공인중개사학원,126.926512,37.558386
대치써미트영어학원,126.9436982,37.5451967
토익만점홍선생영어교습소,126.9404458,37.5487266
씨엠에스에듀마포영재관학원,126.9393499,37.545401
에덴음악학원,126.9010038,37.5581783
목동DMC수학전문학원,126.8859519,37.5816532
브레노스매쓰몽마포학원,126.9375353,37.5528542
줄기글방독서토론논술교습소,126.8807537,37.5802435
아트랑미술학원,126.9227931,37.5572709
디자인스럽학원,126.9254332,37.5531232
서교이용학원,126.9176181,37.5551061
코스(KOS)에이전시&아카데미학원,126.9180438,37.5483613
커피헬로아카데미학원,126.917703,37.5508
뿌리깊은국어교습소,126.9409935,37.5444066
슥삭화실미술학원,126.9236044,37.5606662
클랑바이올린교습소,126.9288594,37.5470002
메이플우드어학원,126.8834837,37.5801432
에이스트링바이올린교습소,126.9540362,37.5552812
피아노라떼실용음악학원,126.9343765,37.5553307
꽃보다바둑교습소,126.8798666,37.5850466
호비뮤직성인음악학원,126.9112599,37.5502722
디탐무용학원,126.9100571,37.5668131
커널잉글리쉬영어교습소,126.9463267,37.5562308
마포프라미스어학원,126.9446468,37.5469441
비엔나뮤직피아노교습소,126.882411,37.5852509
대치탑국어교습소,126.9454814,37.5447351
비상시대학원,126.9398691,37.5494873
금성출판사원격교습학원,126.9553617,37.5462645
아트랑수랑미술교습소,126.9536319,37.5510067
생각하는황소마포점학원,126.9423361,37.5462927
MNL영어전문학원,126.9463396,37.5464727
리메인디자인학원,126.916086,37.5491452
어나더레벨영어전문학원,126.9147802,37.5627118
윙글즈잉글리쉬영어교습소,126.9252681,37.5480668
위너스수학교습소,126.9438515,37.5431527
리즈무용학원,126.9582587,37.5543995
서울플라워디자인학원,126.9316544,37.5565315
헤라의영어교습소,126.9420228,37.5468396
에듀코치개별지도서강학원,126.9316765,37.5494315
피플연기뮤지컬학원,126.9296401,37.5541345
마포마운트영수학원,126.9447981,37.5418276
헤이잉글리쉬영어교습소,126.9601238,37.5537491
리드인마포신석센터교습소,126.9356012,37.5432228
아이들이야기1관어학원,126.9438906,37.5435945
보이스하모니학원,126.9019318,37.5543306
리즈수학영어학원,126.9611032,37.5508654
김민우수학학원,126.9432216,37.5460934
YBM잉글루마포아현열린학원,126.9556256,37.5549258
뉴커런츠아카데미컴퓨터학원,126.9212386,37.5536165
라온수학교습소,126.8807537,37.5802435
더블유씨(WC)아뜰리에미술교습소,126.9140206,37.5471981
뮈제드앙팡미술교습소,126.8807537,37.5802435
퍼스트클래스스피치교습소,126.9476344,37.5533772
브로드댄스학원,126.9112907,37.5543812
영재해법수학교습소,126.9615823,37.5514103
서울액터스쿨연기교습소,126.9324582,37.5533401
아트포엠미술학원,126.9281509,37.5538056
발레썸(balletsome)무용학원,126.9159415,37.5505225
선화음악교습소,126.9483491,37.5508426
제이뮤직음악교습소,126.9499542,37.5501721
수쌤수학교습소,126.8807537,37.5802435
시그니처영어수학학원,126.955559,37.5556461
대치학원광흥창영어직영관학원,126.9303994,37.547726
다가포폴미술학원,126.9283978,37.553952
모던스테이지현대무용학원,126.9205971,37.5635671
은토미술학원,126.9122182,37.5590931
히든박스연기학원,126.9158086,37.5503231
제이와이피(JYP)영어교습소,126.9602952,37.5503718
리피트영어교습소,126.9021858,37.5570721
에듀21원격학원,126.9176478,37.5475737
압구정명문국어교습소,126.8829615,37.5802374
뉴살사댄스학원,126.9286988,37.5542701
노마딕영어교습소,126.9435005,37.5455733
목동한맥학원,126.8859519,37.5816532
더베스트(TheBest)영어교습소,126.9515945,37.5405276
쥰슐랭수학학원,126.9396093,37.548656
브로드웨이뮤지컬센터학원,126.9133209,37.5470655
밍글스영어교습소,126.9335984,37.5471873
가디언영어학원,126.8859519,37.5816532
배워서남주는사람들수학교습소,126.9554434,37.5566272
어플리시터연기학원,126.9172974,37.5498952
편입엔편입학원,126.9274793,37.5532859
메가스터디IT아카데미신촌학원,126.9399615,37.5557504
강수학교습소,126.8798666,37.5850466
온리포워드댄스학원,126.9224857,37.5503211
퍼스트바리스타제과제빵아카데미학원,126.9283892,37.5577093
아이디학원,126.9263431,37.5599072
달음수학교습소,126.9503302,37.5378853
지니재즈댄스스튜디오학원,126.937657,37.5530536
에스비에스(SBS)아카데미컴퓨터아트인테리어학원,126.9250119,37.557237
미래탐구1관학원,126.9449201,37.5468204
이레영어교습소,126.9495275,37.5450955
피아노포르테피아노교습소,126.8798666,37.5850466
허니매쓰수학교습소,126.9408523,37.5463876
잇츠수학교습소,126.9039096,37.5576107
나는영어(I'M ENGLISH)영어교습소,126.9410732,37.5459751
케이에스음악교습소,126.9543968,37.5448594
종로맥스(Max)독서실,126.9387556,37.5553881
영어의아침영어교습소,126.8910733,37.5745113
코리아(설민우)애견미용학원,126.9230817,37.5513717
키스더기타교습소,126.9322002,37.5452464
마포뉴파인학원,126.9424851,37.5469608
대치상상제2관학원,126.9517724,37.55691
케이100영어학원,126.9425014,37.5474115
하이펫스쿨반려동물수제간식학원,126.9183206,37.5613117
대치써미트영어학원제2관(고등관)학원,126.9425014,37.5474115
디자인나스별관학원,126.9176842,37.5497546
뮤엠하늘초영어교습소,126.8798666,37.5850466
주식회사커스컴퍼니원격학원,126.9158086,37.5503231
트리플립아카데미학원,126.9069553,37.5598554
창작숲미술학원,126.9117224,37.5589354
블랙탑바리스타학원,126.9402068,37.5456249
엔와이보이스스타일링센터학원,126.9167766,37.5592882
진림해법학원,126.940033,37.5451098
위글미술교습소,126.9464421,37.5544658
언리미티드실용음악학원,126.9174899,37.5561411
마포공덕키즈엔리딩영어교습소,126.9495871,37.5408521
플랜씨학습센터학원,126.9417997,37.5482162
라온영어교습소,126.9462175,37.5463004
현바이올린음악학원,126.8832229,37.5801678
채움수학학원,126.9521567,37.5569495
상지상암수플러스수학교습소,126.8807537,37.5802435
아트앤컬쳐미술학원,126.9175971,37.5502944
에프이매쓰학원,126.9424851,37.5469608
자성학원,126.9096557,37.5671698
자모스토리스쿨(JMstoryschool)원격학원,126.917017,37.5489375
베리굿영어교습소,126.9123156,37.5594004
스피치코리아학원,126.9279209,37.5580114
씨엠에스마포2관학원,126.9386489,37.5445567
이화수학에듀학원,126.9368115,37.5440536
수학놀이터수학교습소,126.8994759,37.5597139
포코파카바이올린교습소,126.9476344,37.5533772
생각의힘을키우는마인드맵국어교습소,126.9035006,37.557715
리즈수학교습소,126.943412,37.5470322
리즈영어교습소,126.943412,37.5470322
뮤직아카데미음악교습소,126.8834837,37.5801432
그레이스음악학원,126.9476344,37.5533772
햅잉글리쉬(HApEnglish)영어교습소,126.9476344,37.5533772
로알드영어도서관영어교습소,126.906171,37.5685972
프레스티지음악학원,126.9476344,37.5533772
정글미술교습소,126.8798666,37.5850466
하이갈무리마포학원,126.9393357,37.5487977
갈무리플러스마포학원,126.9353038,37.5498157
원수학학원,126.8832229,37.5801678
이안서가아현독서논술학원,126.955991,37.5538839
닥터리바이올린교습소,126.9476344,37.5533772
차수학교습소,126.8807537,37.5802435
공감프로수학교습소,126.8807537,37.5802435
이기자수학연구소수학교습소,126.8807537,37.5802435
공감주니어수학교습소,126.8807537,37.5802435
윤음악학원,126.915356,37.5557882
이(e)강한학원,126.9445633,37.5464478
그림탐정아트스튜디오학원,126.9476344,37.5533772
케이매쓰(kmath)수학학원,126.9476344,37.5533772
아뜰리에쁘띠망미술교습소,126.9476344,37.5533772
클럽깰끄쇼즈미술유학포트폴리오학원,126.9226719,37.5515392
대치강한영어학원,126.9423361,37.5462927
잉글리시버드학원,126.9476344,37.5533772
크루쉽스터디센터학원,126.9219186,37.5574791
홍대아베크뮤직아카데미학원,126.922627,37.557801
리드인독서논술국어학원,126.8798666,37.5850466
플로라발레학원,126.9353038,37.5498157
발상의전환수학전문학원,126.9445633,37.5464478
정쌤의씨크릿수학교습소,126.9051845,37.5718047
플레이댄스학원,126.9470597,37.5435508
그린섬디자인학원,126.9276485,37.5533235
리드인독서와논술교습소,126.9313872,37.5482936
호호미술교습소,126.8812457,37.5814105
대한논리미래N국어학원,126.9425679,37.5459074
마포정이조주니어영어학원,126.9450278,37.5415864
라이징캠프학원,126.9544881,37.5472389
기동찬영수학원,126.9421767,37.5463634
피아노스튜디오피아노교습소,126.9045008,37.5697981
생각나무아트스튜디오학원,126.9476344,37.5533772
합정플래뮤미술학원,126.913909,37.5509904
상암홍쌤영어교습소,126.882411,37.5852509
모아라이브(MoaLive)원격학원,126.922538,37.557692
크리에이티브잉글리시영어교습소,126.9476344,37.5533772
홍대다같이미술학원,126.9294942,37.5540521
수학과학전문업그레이드학원,126.9457479,37.5450978
아트앤쇼무용학원,126.9175971,37.5502944
가랑비논술교습소,126.9483491,37.5508426
오하운폴댄스홍대점학원,126.921358,37.553969
SJA실용음악학원,126.9261612,37.5536524
리드인마포프레스티지자이점독서논술교습소,126.9476344,37.5533772
라푸앙트발레학원,126.955559,37.5556461
에이블런원격학원,126.916641,37.5491143
믹스유디제잉미디작곡학원,126.9161971,37.5516331
한맥2관리드인독서논술교습소,126.9619693,37.5520624
HJ무용학원,126.9476344,37.5533772
써니리지영어학원,126.9476344,37.5533772
혼공원격학원,126.9193099,37.5539413
현대청소직업교육학원,126.947532,37.556638
에브리스쿨원격학원,126.9233186,37.5569333
마포줄리어드음악학원,126.9511596,37.5408751
아틀리에라온미술교습소,126.9515137,37.5390221
마포프레스티지자이한우리독서토론논술교습소,126.9476344,37.5533772
이현주아카데미학원,126.9393491,37.5494466
제이원잉글리쉬영어교습소,126.8807537,37.5802435
진쌤영어교습소,126.8807537,37.5802435
레코더즈아카데미인물촬영보정사진학원,126.918788,37.5509
리틀빅어학원,126.9412897,37.5410664
신샘의역사교실역사교습소,126.9037871,37.5706024
엘핀미술교습소,126.9037871,37.5706024
시그니처영어2관영어교습소,126.9421114,37.5469755
꿈키수마포점수학교습소,126.9031094,37.5697311
왓아리딩트리영어교습소,126.9103717,37.560752
올라수학교습소,126.9558391,37.5550359
목동일타정수학교습소,126.9619693,37.5520624
코하과학학원,126.9397958,37.5490722
수학의힘고등관수학교습소,126.9421356,37.5460657
비즈니스인사이터학원,126.9229938,37.55748
이디엠아트주니어미술학원,126.9223775,37.5562669
에듀코치개별지도이대역학원,126.9443445,37.5563393
비전오브칠드런수학교습소,126.9507478,37.538772
발레더테라발레교습소,126.8954806,37.5750391
마포성산링키영어교습소,126.9038503,37.5701525
비상에이플러스수학학원,126.9551785,37.5456052
비전오브칠드런영어교습소,126.9507478,37.538772
채움해법학원,126.9313872,37.5482936
김영편입연고대의약대전문관학원,126.9345437,37.5563053
비끄아트아현공덕점미술학원,126.9619693,37.5520624
에듄영어학원,126.9476344,37.5533772
한솔플라톤아카데미염리독서토론논술교습소,126.9473584,37.5424271
수학전문아토즈마포캠퍼스학원,126.9326932,37.5503507
아트앤뮤직음악학원,126.9175971,37.5502944
맘보바리스타제과제빵학원,126.9215487,37.5540879
케쌤영어학원,126.9467083,37.5564595
실전에강한수학교습소,126.9413288,37.5463017
잇올스파르타마포신촌독학재수학원,126.9359997,37.5549939
씨엠에스영재관마포입시센터학원,126.9397857,37.5449904
잇올스파르타마포신촌독서실,126.9359997,37.5549939
코딩온도화점코딩교습소,126.9504325,37.5386611
마포DMC수학교습소,126.9088919,37.5675411
이나영영어학원,126.9424723,37.5414554
밀로아트미술교습소,126.8807537,37.5802435
루디스상암영어교습소,126.8807537,37.5802435
티씨아이에스플러스학원,126.9616685,37.5476447
라트랩미술교습소,126.9121874,37.5596515
코세아항공승무원학원,126.9186941,37.5527012
그리니치수학과학학원,126.9455117,37.5538268
바빠영영어회화전문학원,126.9233671,37.5574924
수나무수학학원,126.9443352,37.5481758
리드인염리초센터학원,126.9439862,37.543235
비끄아트상암점미술학원,126.8829615,37.5802374
제이와이홍영어학원,126.9419481,37.5473255
마포정이조영어학원,126.9441652,37.5433807
미학원,126.9256028,37.5531337
숙명송이음악학원,126.9616685,37.5476447
마포조이바이올린교습소,126.9345821,37.5448625
그린섬별관미술학원,126.9276527,37.5538191
그린섬프리어미술학원,126.9260897,37.5531111
서울스트링아카데미음악학원,126.9590359,37.5554786
SS수학교습소,126.9495871,37.5408521
오르다과학교습소,126.9435485,37.5469884
발레시그니처학원,126.9268195,37.5543071
디와이비마포최선어학원,126.9393491,37.5494466
디시티잉글리쉬원격학원,126.9363893,37.5466898
마포라이즈어학원,126.9391732,37.555473
대치공부습관영어교습소,126.9456828,37.5465029
아티젠2미술학원,126.9303717,37.5544204
밀도크루아트스튜디오미술교습소,126.9021221,37.5606395
공덕링키영어교습소,126.9531497,37.5474523
배우만연기학원,126.9168748,37.5665785
국어교실국어교습소,126.9031094,37.5697311
아베체(ABC)독일어학원,126.9352723,37.5544107
상암리즈영어교습소,126.8807537,37.5802435
리더스국영수전문학원,126.933373,37.5455363
독일정원&프랑스정원원격학원,126.9174894,37.5553933
에이든영어학원,126.9457205,37.5542702
더자람수학학원,126.9449252,37.5416395
스마트올클래스성산학원,126.9038503,37.5701525
에프엑스홍대미디실용음악학원,126.9212976,37.5565905
상암윤선생IGSEENM영수전문학원,126.8807537,37.5802435
쏠북클래스원격학원,126.9499888,37.5469017
갈무리마포학원,126.9393357,37.5487977
토브바이올린교습소,126.951149,37.5456686
백인대장마포관수학학원,126.9393357,37.5487977
지오지오플로리스트학원,126.9330072,37.5553183
룩스수학교습소,126.9495275,37.5450955
리드플러스영어교습소,126.9443416,37.5421029
애슐리영어학원,126.9395568,37.5491692
기파랑문해원마포대흥학원,126.9417997,37.5482162
배틀코딩학원,126.9198522,37.5547932
비끄아트염리점미술학원,126.9443416,37.5421029
페느아트온라인원격학원,126.9245004,37.5558178
아이크미잉글리시영어학원,126.9483491,37.5508426
잉글리시캠프영어교습소,126.9619693,37.5520624
아이플레이영어교습소,126.8807537,37.5802435
아트래빗미술교습소,126.882411,37.5852509
브릿지영어교습소,126.8807537,37.5802435
키즈엔리딩마포염리영어교습소,126.9484842,37.5516998
상암에듀어학원,126.9050987,37.5676141
상암에듀수학교습소,126.9050987,37.5676141
제니화실미술교습소,126.9031094,37.5697311
헤이미술교습소,126.9021241,37.5574229
대치명인2관학원,126.9393491,37.5494466
수다라독서토론국어교습소,126.9615823,37.5514103
레드스테이지무용학원,126.9069278,37.5601886
리드인독서논술교습소,126.9038503,37.5701525
유베스타마포영어학원&헤론수학학원,126.9536319,37.5510067
위준성주니어어학원,126.9314758,37.5492224
티앤티키즈파크보습학원,126.9444217,37.5436443
발레엣발레교습소,126.9521567,37.5569495
피앤에이영어교습소,126.944999,37.5564803
배우다연기아카데미학원,126.9047116,37.5577172
에이치아이디에스(HIDS)인테리어디자인학원,126.9283892,37.5577093
연고드림논술교습소,126.9433604,37.5563034
묵형상미술교습소,126.9302695,37.5552304
하이비트스튜디오댄스학원,126.9205081,37.5579708
마포웰스트림한우리독서논술교습소,126.9365724,37.5441596
김종길국어논술마포관학원,126.9393491,37.5494466
에스유투미술학원,126.9257758,37.5536939
학습코칭연구소연세학원,126.9556508,37.5547459
기프티드(Gifted)미술교습소,126.9522794,37.5506073
뉴(New)연기뮤지컬센터학원,126.92021,37.5550938
라이즈어학원마포캠퍼스학원,126.9391732,37.555473
스마일디자인코딩교습소,126.9484842,37.5516998
원기타스튜디오(OneGuitarStudio)기타교습소,126.9012422,37.5720024
그림온기미술교습소,126.9578886,37.5541529
더파토스영어교습소,126.9028489,37.5573936
생각하는황소마포점2관학원,126.939022,37.5469748
퍼스트존아카데미학원,126.9226607,37.5593871
더올라수학교습소,126.9578886,37.5541529
아우름첼로아카데미첼로교습소,126.9495275,37.5450955
키움수학교습소,126.9443416,37.5421029
실무프로젝트학원,126.9499888,37.5469017
아이작미술교습소,126.9216236,37.5630268
마포동교독서논술교습소,126.9036299,37.5589326
플라톤독서토론논술신석논술교습소,126.9367151,37.5444672
김종길국어논술마포2관학원,126.9393491,37.5494466
마포이대점켈리스피치교습소,126.944999,37.5564803
액츠29커피바리스타원격학원,126.9377643,37.5542619
카타르시스연기학원홍대점학원,126.9175466,37.5514383
사다리플래닝스쿨영상기획원격학원,126.9373393,37.5475274
SOL영어교습소,126.943603,37.5431234
더시티발레서울학원,126.9197047,37.5563867
국어에반하다국어교습소,126.882411,37.5852509
킵고잉연기학원,126.912092,37.5521991
ERC영어독서클럽상지초점영어교습소,126.8807537,37.5802435
더바이올린&첼로음악교습소,126.9432595,37.5434087
뭉작가의미술집학원,126.9200313,37.55493
영재수학과학텐(TEN)학원,126.9473584,37.5424271
덕스어학원,126.9443416,37.5421029
본스타트레이닝센터미디어제작센터연기학원,126.9175112,37.5531048
알앤디구조분석영어교습소,126.908385,37.5673653
하이레벨수학교습소,126.9054816,37.5708434
마포크라센고등관영어학원,126.9393499,37.545401
스노우뮤직아카데미학원,126.9207264,37.5569547
엔지니어랩학원,126.9384978,37.5552146
빡쌤미술학원,126.926108,37.5534176
마포지엠어학원,126.93458,37.5466015
솔개학원,126.9539778,37.5570287
와와댄스주니어키즈학원,126.9472497,37.5380832
액팅로그학원,126.9261562,37.5555805
비앤씨국어교습소,126.9303468,37.5553663
드로잉뮤지엄미술학원,126.9548671,37.5435931
스머글러스아카데미비트메이킹전문학원,126.9104932,37.5469673
나랑노랑미술교습소,126.9476344,37.5533772
스팀플러스로보틱스코딩학원,126.9397737,37.548234
링키영어마포신수점영어교습소,126.9367151,37.5444672
독심관리형독서실,126.9065469,37.5684385
파고다브라이트어학원,126.955559,37.5556461
한우리독서논술교습소,126.9288594,37.5470002
아이터치실험과학교습소,126.9476344,37.5533772
마포2호점와와학습코칭학원,126.9383166,37.5432562
룩스(lux)수학교습소,126.9495275,37.5450955
잉글리시트리하우스영어교습소,126.9483491,37.5508426
재이아트미술교습소,126.923174,37.5473179
히읗학원,126.9117214,37.555115
파이음악교습소,126.9508487,37.5412598
래미안음악교습소,126.9619216,37.5514223
앨리스영어교습소,126.9359104,37.5445591
삼성알프레드음악학원,126.9458047,37.549099
하늘해법수학교습소,126.882411,37.5852509
와이비엠잉글루창전학원,126.930228,37.5478416
수학날다수학전문학원,126.9056587,37.5687997
푸르넷공부방수학교습소,126.955995,37.5462972
김승모영어교습소,126.9532168,37.5483179
커피엠비에이아카데미학원,126.9153658,37.5551125
새말논술국어학원,126.9421767,37.5463634
매쓰홀릭학원,126.9539778,37.5570287
리딩타운프라우드세븐어학원,126.920255,37.5629602
해법수학공덕학원,126.9454814,37.5447351
쏘울미술학원,126.9251803,37.5533912
지엘티장학학원,126.9057995,37.5692335
아카비젼학원,126.9194254,37.554564
비타민사진학원,126.9204959,37.5548892
아트인네이처미술학원,126.9250223,37.5533627
위즈덤하우스영어학원,126.9468999,37.5436484
앤섬미술학원,126.9267912,37.5531265
에스더음악학원,126.9165053,37.5584838
칸투스음악학원,126.9108766,37.5587294
에스에이엠에스실용음악학원,126.9154935,37.5564472
진진음악학원,126.9387364,37.5439718
베리타스학원,126.9093597,37.5494257
비엔씨학원,126.9307425,37.554604
미대편입플러스미술학원,126.9250047,37.5530111
정오수학학원,126.9457032,37.5466653
청미술학원,126.9281563,37.5534272
한우리독서논술학원,126.9063582,37.5689593
성지사관학원,126.9577599,37.5487636
예일학원,126.9561961,37.5513538
뉴클라라피아노교습소,126.9424891,37.5450777
미닝아트미술교습소,126.9515137,37.5390221
서은경영어교습소,126.8959149,37.5762956
이삭음악교습소,126.9303503,37.5479959
뉴현대미술교습소,126.9204654,37.5554385
홀론학원,126.923765,37.547927
성아음악교습소,126.9602851,37.5535433
케이아트아이의감성공간미술교습소,126.9117513,37.5686217
선수학학원,126.9079409,37.5675504
소리마을연세음악학원,126.9471235,37.5365953
청담어학원,126.9443455,37.5450403
깨비 노래연습장,126.9196601,37.5555573
와이티티 노래연습장,126.944415,37.5465276
짝 노래연습장,126.9411497,37.5413625
렉스코인노래연습장 합정점,126.9150944,37.5488478
코노코노 혜자 노래연습장,126.947937,37.5390984
골든싱어코인노래연습장 연남점,126.9240307,37.5609314
악쓰는하마코인노래연습장 홍대3호점,126.9210215,37.5506231
월드컵 노래연습장,126.947763,37.5394032
락휴 코인노래연습장 홍대연남점,126.9248202,37.5587671
뉴코인싱어 노래연습장,126.9256165,37.5561163
세븐스타코인노래연습장 마포구청역점,126.9027403,37.564799
홍박스 코인노래연습장,126.9231373,37.5577335
연인 노래연습장,126.9103701,37.5554269
마이슨 노래연습장,126.9229848,37.5510285
렉스코인노래연습장 연남점,126.9248381,37.5630291
쿨 노래연습장,126.9049274,37.5623055
L(엘) 노래연습장,126.9208629,37.5506307
썬 노래연습장,126.9210778,37.5537772
K 노래연습장,126.9241793,37.5624014
옥스코인 노래연습장 마포구청점,126.9030945,37.5645681
M 노래연습장,126.9254704,37.563143
놀러와 노래연습장,126.9101787,37.5491359
락휴코인노래연습장 홍대본점,126.921619,37.5515656
스타 노래연습장,126.9129688,37.564299
망고 노래연습장,126.9230476,37.5513804
세븐스타 코인노래연습장 망원역점,126.9095025,37.5559325
슈가코인노래연습장 공덕점,126.9555107,37.5501854
세븐틴코인노래연습장(마포점),126.9473952,37.5398054
i 코인 노래연습장,126.9247014,37.5567927
수노래연습장 홍대본점,126.9217557,37.5522877
토마토노래연습장,126.8996423,37.5560933
울림노래연습장,126.9249651,37.5589215
영 노래연습장,126.9096196,37.557222
와우노래연습장,126.9034645,37.5532275
씨티 노래연습장,126.9271091,37.5625272
로즈 노래연습장,126.9072024,37.5514601
옥소리노래연습장,126.9459901,37.5455776
서울 노래연습장,126.9111283,37.5585425
홍대 코인 노래연습장,126.9226961,37.5553598
바비노래연습장,126.9236171,37.5597833
우리 노래연습장,126.9169559,37.5609748
부부 노래연습장,126.9465881,37.5384647
어썸 코인 노래연습장,126.9237192,37.5526841
애플 노래연습장 동교점,126.9249762,37.5597236
큐코인 노래연습장,126.9246524,37.5562607
영희 노래연습장,126.9504712,37.5415538
뉴월드 노래연습장,126.9417585,37.5407192
J 노래연습장,126.9183117,37.548616
K팝스타 코인노래연습장 망원점,126.9060104,37.5532601
힐링 노래연습장,126.9082313,37.5577318
락휴 코인 노래연습장 홍대점,126.9226675,37.5549901
탑코인 노래연습장,126.9202051,37.5523006
OK노래연습장,126.9435614,37.5396541
쿨2 노래연습장,126.9060226,37.5601712
두바이 노래연습장,126.9027745,37.56015
멜론 노래연습장,126.919382,37.5481663
빅코인 노래연습장,126.9209715,37.5517309
수 노래연습장 도화점,126.9464208,37.538292
고음불가3 노래연습장,126.9213573,37.5524463
팡팡 노래연습장,126.944217,37.539705
앵콜 노래연습장 2,126.9346582,37.5554143
쿨 노래연습장,126.9439657,37.5398739
발리 노래연습장,126.947751,37.5386463
붕붕 노래연습장,126.9467454,37.5562346
키스 노래연습장,126.9431887,37.5404076
넘버원 노래연습장,126.9119968,37.549405
킹덤 노래연습장,126.9091623,37.5567583
맥코인 노래연습장,126.9097157,37.5560606
럭키코인 노래연습장,126.8947302,37.5767891
렉스코인 노래연습장,126.9240325,37.5600213
킹 노래연습장 성산점,126.9059773,37.5609456
악쓰는하마 코인노래연습장,126.9214184,37.5505636
지코인 노래연습장,126.9371595,37.5514272
밤섬 노래연습장,126.936332,37.5443556
라이브 노래연습장,126.9196391,37.5546561
스카이 노래연습장,126.9522394,37.5421462
아지트 노래연습장,126.9087269,37.5571237
MBC노래연습장,126.9076059,37.559483
팡팡 노래연습장,126.926196,37.559113
번개 노래연습장,126.9473584,37.5424271
럭셔리 수 노래연습장,126.9211043,37.5511555
힐링 노래연습장 도화점,126.9464508,37.5385716
하모니 노래연습장,126.9078835,37.5683788
월드 노래연습장,126.9075876,37.5584106
보이스 노래연습장,126.9147338,37.551863
소리샘 노래연습장,126.939394,37.5430857
즐거운 노래연습장,126.9053097,37.5609304
엔돌핀 노래연습장,126.9108649,37.5548638
태영콘서트 노래연습장,126.9416631,37.5442684
디프 노래연습장,126.9467951,37.5382233
앵콜 노래연습장,126.9083969,37.5681042
이브 노래연습장,126.9426928,37.540268
써니 노래연습장,126.9418587,37.5408372
후 노래연습장,126.9431306,37.5397133
코러스 노래연습장,126.9423185,37.5403277
썸씽 노래연습장,126.943769,37.5393766
신나는 노래연습장,126.9395539,37.542979
다복 노래연습장,126.9150893,37.5515419
팔도강산 노래연습장,126.9413555,37.5476175
슈퍼스타 노래연습장,126.9162248,37.5551925
별 노래연습장,126.9204964,37.5501498
젠틀맨 노래연습장,126.9089556,37.5577385
도토리 노래연습장,126.9092456,37.5564797
무지개 노래연습장,126.9346529,37.5549908
슈퍼스타 코인 노래연습장,126.9233246,37.5549421
구찌 노래연습장,126.9031164,37.559991
큐 노래연습장,126.9147773,37.5488629
SEE'S 노래연습장,126.9502934,37.5397051
파티파티 노래연습장,126.9059047,37.5573949
고래고래 노래연습장,126.9515278,37.5420588
수화 노래연습장,126.9075876,37.5584106
궁전 노래연습장,126.9063783,37.5598411
고고 노래연습장,126.9094857,37.5555359
삼층 노래연습장,126.9527599,37.5445746
무한도전 노래연습장,126.9077946,37.5581873
? 노래연습장 망원점,126.906278,37.5589571
아이앤지 노래연습장,126.9146285,37.5489787
? 노래연습장,126.9252016,37.5566351
친구야노래하자 노래연습장,126.9489476,37.540459
열린 노래연습장,126.947047,37.5565166
스타 노래연습장,126.934481,37.5551424
성원 노래연습장,126.917803,37.5532787
메인 노래연습장,126.9485981,37.5403658
스타 노래연습장 상수점,126.9224797,37.5475909
바다 노래연습장,126.9074367,37.5586705
연남 노래연습장,126.9245342,37.5621253
큐 노래연습장,126.9565342,37.5473922
FM 노래연습장,126.9336369,37.5556033
비젼 노래연습장,126.9505721,37.5416178
뮤즈 코인노래연습장,126.9548371,37.5441244
토토노래연습장,126.9538201,37.5448273
짱 노래연습장,126.9194008,37.5554829
K?POP코인노래연습장,126.9233816,37.5525548
둘둘 노래연습장,126.9464358,37.5557182
수 노래연습장,126.9467312,37.5564417
카카 노래연습장,126.9074498,37.555445
샤넬 노래연습장,126.9052816,37.552019
프라임 노래연습장,126.9199211,37.5484505
와이드 노래연습장,126.9570169,37.5484867
신바람 노래연습장,126.9340745,37.5542827
3040 노래연습장,126.9078632,37.5589178
VIP910 노래연습장,126.9502934,37.5397051
M.W 노래연습장,126.9062541,37.5574973
탑 노래연습장,126.9089469,37.5583331
서교 노래연습장,126.9184405,37.5537982
N2 노래연습장 2호점,126.9215534,37.5514028
보리노래연습장,126.9110457,37.5502161
팡팡 노래연습장,126.9369489,37.5471274
보그 노래연습장,126.9111557,37.5504334
모두랑 노래연습장,126.9043497,37.5692921
퀸 노래연습장,126.9114375,37.5497332
신바람 노래연습장,126.9201875,37.5488134
쏭쏭 노래연습장,126.9487498,37.5400428
카카오song,126.9102205,37.5563716
두꺼비 노래연습장,126.9062301,37.5529468
스팅 노래연습장,126.948249,37.5402455
2차는 노래연습장,126.9203132,37.5565725
악쓰는하마 2호점 노래연습장,126.9220457,37.5541555
퀸 노래연습장,126.925853,37.5561995
한성 노래연습장,126.956947,37.5478193
궁 노래연습장,126.9334884,37.5549082
노래마을 노래연습장,126.9226706,37.5547739
영 노래연습장,126.9050113,37.5550259
신바람 노래연습장,126.9117822,37.549376
모닥불 노래연습장,126.9466537,37.554711
만남 노래연습장,126.9046412,37.5571129
썬크루즈노래연습장,126.953379,37.5448143
땡땡이 노래연습장,126.9312863,37.5545639
ENCORE 노래연습장,126.9476892,37.5390151
슈퍼스타 노래연습장,126.8949097,37.5768989
만남 노래연습장,126.9412869,37.5412646
VIP 노래연습장,126.9178116,37.5487646
허브 노래연습장,126.9371965,37.554401
스토리엠 노래연습장,126.9257996,37.5567667
홍노래연습장,126.9483732,37.5402647
질러 노래연습장,126.9194504,37.5496987
캔디 노래연습장,126.9079589,37.5577833
친구 노래연습장,126.9373868,37.552952
질러 노래연습장,126.9200087,37.561201
오디션 노래연습장,126.9478022,37.5422509
원투 노래연습장,126.9179935,37.5487122
케이팝 노래연습장,126.8951157,37.5767477
스페셜 노래연습장,126.8952422,37.5773796
2차는노래연습장,126.9057661,37.5614573
케이팝 서강 코인 노래연습장,126.9398247,37.5486309
봉봉 노래연습장,126.9051475,37.5611902
파티파티 노래연습장,126.9150531,37.5516947
짱노래연습장,126.9214937,37.5547632
DMC 노래연습장,126.8957923,37.5753934
가좌행복작은도서관,126.9133058,37.5691496
공덕동문고(마실길북카페),126.9600489,37.5501804
꿈나래어린이영어도서관,126.9056874,37.5552304
꿈빛도서관,126.901035,37.5545114
꿈을이루는작은도서관,126.9521925,37.5471195
늘푸른소나무작은도서관,126.9554859,37.542229
담쟁이작은도서관,126.9063325,37.5560023
도란도란Books,126.9512143,37.5410108
래미안밤섬리베뉴I아파트채움작은도서관,126.9254588,37.5466089
마포어린이영어도서관,126.9519139,37.5395303
망원1동문고,126.9057046,37.5556
복사골작은도서관,126.9519139,37.5395303
상암동문고,126.8946847,37.5783385
상암월드컵파크11단지도서관,126.8813336,37.5876374
상암월드컵파크7단지도서관,126.8823452,37.5820787
서강어린이영어도서관,126.9017772,37.5664029
서교동문고,126.9145848,37.5551143
성메작은도서관,126.9090114,37.5686595
성미산학교작은도서관꿈꾸는다락방,126.9092702,37.5602283
성산글마루작은도서관,126.9028903,37.5684586
신수동문고,126.9352296,37.5470759
쎌북작은도서관,126.9331043,37.5556525
아이도북센터,126.9545565,37.5447707
에듀카페맘작은도서관,126.9174657,37.5656378
연남동문고,126.922021,37.5645081
염리동문고,126.9456522,37.5470703
용강동작은도서관,126.9428671,37.542351
자이열린작은도서관,126.9420685,37.5492097
초록리본도서관,126.9179958,37.5555961
초록숲작은도서관,126.9512961,37.5521303
푸른나무작은도서관,126.9560759,37.5453608
풀뿌리문고,126.9079063,37.56837
하늘꿈작은도서관,126.9456612,37.5480345
한사랑문고,126.9091431,37.5673903
합정동문고,126.911727,37.551619
해오름문고,126.8830898,37.5777067
해오름작은도서관,126.9424158,37.5558715
VIP 휘트니스,126.9193623,37.5573657
지투짐,126.9232991,37.5575008
펀짐,126.9043892,37.5619581
demarq 상암SDS 피트니스센터,126.8946962,37.5783205
피트니스안,126.922764,37.5474944
핏인라이프,126.945748,37.5450888
엠휘트니스9,126.9248705,37.5473874
짐라이트,126.9328325,37.5524875
해봄PT,126.8960425,37.5776213
제이짐,126.9037343,37.5641685
턴온피트니스,126.9467206,37.5427188
킵(KEEP),126.9089089,37.5570623
투알짐코퍼레이션,126.922696,37.5498635
스튜디오함께갈반(BAN),126.9211134,37.5607335
허니짐,126.9184406,37.5498787
더유,126.9367155,37.5540002
휘트니스엠 마포점,126.9454802,37.5399956
레히퍼스널트레이닝스튜디오,126.9554941,37.5521855
바디앤짐성산점,126.9149446,37.5630828
마크짐휘트니스,126.9049295,37.5613864
짐어웨이크,126.9139188,37.5542162
당근짐PT공덕애오개점,126.9607134,37.5504115
이안피티,126.8913971,37.5771093
짐티피 홍대입구역점,126.9276819,37.5580993
에프45(F45)상암,126.8898561,37.5794825
진헬스클럽,126.9114775,37.5539864
헬스존,126.960322,37.5500747
FIT360°,126.9195775,37.562062
월드컵스파랜드24 체력단련장,126.8972782,37.5682892
소의스포렉스,126.9606167,37.552483
근육발전소,126.9136097,37.5482215
우리짐 홍대점,126.9232268,37.5585903
더뉴짐,126.951388,37.5568796
파워존HJ,126.9127351,37.5562326
네이브핏(Nave FIT),126.9082733,37.5556328
U.D.T GYM,126.935316,37.5449772
피트니스 온,126.9413011,37.5410575
짐엑스텐(GYM X 10),126.9158086,37.5503231
피트니스플랜비,126.9150944,37.5488478
힘듦,126.937904,37.5531909
소마앤바디,126.9381319,37.5546797
로얄짐3호점,126.9159695,37.5564065
Strength Museum,126.9099355,37.5495211
핏인라이프,126.9441652,37.5433807
WONFIT PT(원핏피티스튜디오),126.9552738,37.5566167
주식회사단풍나무짐,126.9518581,37.5378628
솔스티스피티스튜디오(SOLSTICE PT STUDIO),126.9152147,37.5514799
피트니스플랜비,126.8883645,37.58082
피티몽키위드레몬,126.9047764,37.5695303
썸원핏,126.9205984,37.5540612
에이원짐 마포역점,126.9478827,37.5429634
건강해GYM,126.9549959,37.5570647
셀프메이드짐(SELFMADE GYM),126.9109694,37.5546846
Playground,126.9536319,37.5510067
주식회사 엠휘트니스7,126.952967,37.545955
온더피트니스,126.8899685,37.5757263
프로핏 1:1피티 스튜디오,126.9438124,37.5459275
크로스핏헬퍼2호점 DMC상암점,126.8969689,37.5769812
플루언트(FLUENT),126.9125398,37.5525366
여성전용헬스장PT(메디컬필라테스마마3호점),126.9445635,37.5464298
크로스핏 헬퍼,126.9067205,37.5604299
Gym Tipi,126.9183081,37.5574822
짐박스피트니스상암DMC점,126.8942855,37.5785329
바른핏,126.9306848,37.5467645
합정역점 스포애니 주식회사 케이디스포츠,126.914478,37.5484367
모멘텀(MMT FITNESS),126.9450278,37.5415864
일레븐피티 마포점,126.931874,37.5459012
커브스 상암클럽,126.8859519,37.5816532
Gooood Gym,126.9443445,37.5563393
이뮨,126.9543655,37.5479136
달리짐(DALLI GYM),126.9111781,37.5496767
세이프짐,126.9087836,37.5578901
짐쉐이프,126.9431306,37.5397133
피트니스랩,126.9215277,37.5484742
Sweet spot,126.9098845,37.5538006
프리베핏 2호점,126.9562987,37.5537334
민데이짐,126.9256447,37.5541523
SBT 퍼스널트레이닝,126.9425679,37.5459074
낭만PT,126.9138587,37.5544589
헬스GO 피트니스,126.9054234,37.5539305
MOVE UP,126.9491505,37.5453534
홍대 프로씨드 짐,126.9179236,37.554325
공덕역점 스포애니 주)케이디스포츠,126.9526158,37.5467898
에이블짐 신촌점,126.9404796,37.5559262
빗미PT,126.9204038,37.5557804
머슬마인드,126.9502934,37.5397051
GYM Doit,126.9140027,37.5523338
F45 공덕,126.9478827,37.5429634
헬스보이짐 상암MBC점,126.8917476,37.5801941
슈퍼바디짐,126.9329108,37.5477938
카디오짐,126.9335475,37.5523497
PUSHUP GYM,126.9184728,37.5476534
The Movement,126.9196694,37.5619638
에이블짐 상암점,126.8874383,37.581433
B.S.T GYM,126.9102675,37.5562549
무한 크로스핏,126.9441537,37.5425877
더건강한피티,126.9530946,37.5481547
MBC 휘트니스센터,126.8946962,37.5783205
크로스핏 칸,126.9201521,37.5496961
큐어짐,126.9478827,37.5429634
커브스 도화클럽,126.9530954,37.5416221
VKNY Gym(비키니짐),126.9151149,37.5521187
태영휘트니스,126.9057046,37.5687551
인어스휘트니스 헬스피티앤골프마포점,126.947221,37.5385154
머슬메이드,126.9528779,37.5434223
우리짐 합정점,126.9121173,37.5520191
데이지라이프 휘트니스,126.9321984,37.5485442
휘트니스엠 롯데캐슬점,126.950795,37.5450887
휘트니스 에이든(Aiden),126.9356801,37.5551802
스포짐휘트니스,126.9167261,37.5573055
플래티넘PT(피티)스튜디오,126.9130848,37.5477391
TNK BODYSCHOOL,126.9544395,37.5499056
웰니스 휘트니스,126.8885494,37.5813263
S-fit,126.9297133,37.5482244
아이짐,126.9420418,37.5406947
케이불스 휘트니스 마포구청역점,126.9027403,37.564799
비나이더신촌점,126.9399503,37.5557412
애프터 피티,126.9093244,37.5557326
마포염리동점 스포애니 (주)케이디헬스케어,126.9455146,37.5447894
엠베이스짐,126.8885494,37.5813263
스포벡휘트니스,126.9565489,37.5520237
드림핏퍼스널트레이닝(DreamFit Personaltraining),126.9158086,37.5503231
레벨에이치,126.9522189,37.5428037
(주)크로스핏엑스,126.9243422,37.5534376
휘트니스피플우먼 홍대점,126.92406,37.5565346
포에버핏 마포공덕점,126.9502529,37.5417861
준휘트니스클럽,126.9135981,37.5646111
스타트원 스포츠짐,126.9214966,37.5631969
ELITE FIT 24,126.9092456,37.5564797
미지휘트니스골프클럽,126.9379281,37.5522901
1st Class GYM,126.8898561,37.5794825
다비드짐휘트니스,126.9135668,37.5628719
아르케GYM(PT샵),126.9263444,37.5613939
블루짐,126.8798666,37.5850466
태그아웃,126.9227349,37.5589553
CUBA FIT(쿠바핏),126.8949762,37.5785304
PRIVE FIT (프리베핏),126.955991,37.5538839
더바디피트니스,126.9082226,37.5575515
Muscle96 GYM,126.920496,37.5548802
스마트짐,126.9050259,37.5694966
행복애짐,126.9033186,37.560092
엔터짐,126.9208637,37.5568568
세븐짐,126.8977294,37.5760783
아놀드홍짐,126.9404796,37.5559262
우리짐,126.9208614,37.5475942
바디엔스윙,126.9485592,37.5366892
맥스짐,126.915309,37.555121
FIT TO BE FITNESS,126.9306367,37.5445835
킬러바디,126.9592423,37.5487767
엠제트(MZ)휘트니스,126.9316186,37.5471423
소핏짐(So Fit Gym),126.9175468,37.5514293
피티(PT)전문 헬스엔 플레이스 합정점,126.9173472,37.5495803
알비에프(RBF),126.9508812,37.5567039
짐버드(GYM BUD),126.9162248,37.5551925
짐릿(Gym Lit),126.9208016,37.5564508
크로스핏 뉴젠,126.9237255,37.5506748
더짐(THE GYM),126.903406,37.5703466
THE GYM,126.9043263,37.5654805
비엠더프라이빗공덕역점,126.9510212,37.5410631
로얄짐 2호점,126.9177912,37.5478274
쇠마을휘트니스,126.9151036,37.549776
와프그룹PT,126.9157808,37.552242
(주)업짐,126.9041083,37.550224
비타짐(VITAGYM),126.9548782,37.5452331
로얄짐 1호점,126.9163545,37.5517066
에이블짐 홍대입구역점,126.9258885,37.5576685
나무트레이닝,126.9118975,37.5500078
노블핏짐서강점,126.9315682,37.5490881
헬스보이짐필라걸홍대점,126.9250119,37.557237
더짐(THE GYM)망원점,126.9069278,37.5601886
